name	url_num
A. Aravindh Kumar	3266
Abdul Haleem	50
Ajith Rajapakse	3325
Akila Ellawala	3296
Ali Sabri Raheem	3355
Angajan Ramanathan	3275
Anupa Pasqual	3350
Anura Priyadharshana Yapa, Attorney at Law	158
Anuradha Jayaratne	3232
Arundika Fernando	3146
Asanka Navarathna	3313
Ashok Abeysinghe	3144
Ashoka Priyantha	3260
Athaullah Ahamed Lebbe Maraikkar	1248
B. Y. G. Rathnasekara	3312
Buddhika Pathirana	3155
C. B. Rathnayake	299
C. V. Wigneswaran	3326
Chamal Rajapaksa	168
Chamara Sampath Dasanayake	3309
Chaminda Wijesiri	3265
Chandima Weerakkody, Attorney at Law	1590
Channa Jayasumana	3409
Charitha Herath	3436
Charles Nirmalanathan	3247
Chinthaka Mayadunna	3315
D. B. Herath	3284
D. V. Chanaka	3240
D. Weerasingha	3321
Dayasiri Jayasekara	1468
Dhammika Perera	3453
Dharmalingam Sithadthan	311
Diana Gamage	3448
Dilan Perera	128
Dilip  Wedaarachchi	181
Dilum Amunugama	3193
Dissanayaka, Anura	112
Douglas Devananda	116
Dullas Alahapperuma	2868
Duminda Dissanayake	215
Eran Wickramaratne	3200
Faizal Cassim	1461
Field Marshal Sarath Fonseka	3135
G. G. Ponnambalam	291
G. L. Peiris	123
Gamini Waleboda	3295
Gammanpila, Udaya	3216
Gayantha Karunatilleka	71
Gayashan Nawananda	3293
Geetha Samanmalee Kumarasingha	3235
Gevindu Cumaratunga	3437
Govindan Karunakaram	2393
Gunathilaka Rajapaksha	3375
Gunawardane, Bandula	85
Gunawardena, Dinesh	86
H. M. M. Harees	316
H. Nandasena	3411
Harin Fernando	3164
Harini Amarasuriya	3449
Harsha de Silva	3201
Harshana Rajakaruna	3217
Hector Appuhamy	3258
Hesha Withanage	3268
Imran Maharoof	3279
Imthiaz Bakeer Markar	145
Indika Anuruddha Herath	3224
Ishak Rahuman	3263
Isuru Dodangoda	3384
J. C. Alawathuwala	2869
Jagath Kumara Sumithraarachchi	3364
Jagath Pushpakumara	290
Jagath Samarawickrama	3452
Janaka Bandara Thennakoon	104
Janaka Wakkumbura	3168
Jayamaha, Nalin Bandara	3208
Jayantha Ketagoda	73
Jayantha Samaraweera	3225
Jayantha Weerasinghe, PC	3433
Jayarathna Herath	203
Jeevan Thondaman	3329
John Senewirathna	194
Johnston Fernando	133
K. Kader Masthan	3249
K. P. S. Kumarasiri	3412
K. Sujith Sanjaya Perera	3270
Kabir Hashim	259
Kachchakaduge Nalin Ruwanjiwa Fernando	3346
Kanaka Herath	3178
Kanchana Wijesekera	3239
Kapila  Athukorala	3311
Karunadasa Kodithuwakku	3337
Kavinda Heshan Jayawardana	3276
Keheliya Rambukwella	166
Kins Nelson	3307
Kokila  Gunawardhana	3345
Kulasingam Dhileeban	3317
Kumara Welgama	182
Kumarasiri Rathnayaka	3292
Lakshman Kiriella, Attorney at Law	75
Lalith Ellawala	3351
Lalith Varna Kumara	3451
Lasantha Alagiyawanna	1423
Lohan Ratwatte	3191
Lokuge, Gamini	172
M. A. Sumanthiran	3194
M. Rameshwaran	3330
M. S. Thowfeek	102
M. U. M. Ali Sabry, PC	3432
M. W. D. Sahan Pradeep Withana	3344
Madhura Withanage, Attorney at Law	3340
Mahinda Amaraweera	262
Mahinda Rajapaksa	169
Mahinda Yapa Abeywardana	53
Mahindananda Aluthgamage	58
Maithreepala Sirisena	191
Major Pradeep Undugoda	3356
Manjula Dissanayake	3434
Mannapperuma, Ajith	3207
Mano Ganesan	271
Manusha Nanayakkara	3172
Marjan Faleel	3441
Mayantha Dissanayake	3228
Mohan Priyadarshana De Silva, Attorney at Law	3170
Mohomad Muzammil	1539
Muditha Prishanthi	3297
Mujibur Rahuman	3213
Mylvaganam Udayakumar	3332
Nalaka Bandara Kottegoda	3327
Nalaka Godahewa	3343
Namal Rajapaksa, Attorney at Law	3179
Nanayakkara, Vasudeva	2494
Naseer Ahamed	3397
Nimal Lanza	3222
Nimal Piyathissa	3331
Nimal Siripala de Silva, Attorney at Law	108
Nipuna R Ranawaka	3336
Niroshan Perera	3152
Palani Thigambaram	3160
Pavithradevi Wanniarachchi, Attorney at Law	174
Piyal Nishantha De Silva	3226
Piyankara Jayaratne	1579
Prasanna Ranaweera	3221
Premadasa, Sajith	140
Premalal Jayasekara	225
Premitha Bandara Tennakoon	3328
Premnath C. Dolawatte, Attorney at Law	3341
R. M. Ranjith Madduma Bandara	148
Rajavarothiam Sampanthan	309
Rajika Wickramasinghe	3428
Rajitha Senarathne	198
Ramesh Pathirana	3167
Ranatunga P.	3220
Ranawaka, Patali Champika	3076
Ranjith Bandara	3435
Ranjith Siyambalapitiya	189
Rathana, Athuraliye	1431
Rauff Hakeem, Attorney at Law	200
Rishad Bathiudeen	293
Rohana Bandara	3305
Rohana Dissanayaka	1436
Rohini Kumari Wijerathna	3233
Rohitha Abegunawardhana	234
Roshan Ranasinghe	3156
S. B. Dissanayake	114
S. M. Chandrasena	276
S. M. M. Muszhaaraff	3323
S. M. Marikkar	3212
S. Noharathalingam	1452
S. Viyalanderan	3251
Sagara Kariyawasam, Attorney at Law	3430
Samanpriya Herath	3358
Sampath Athukorala	3333
Sanath Nishantha	3261
Sanjeeva Edirimanna	3349
Sarathi Dushmantha	3274
Seetha Arambepola	3440
Selvam Adaikkalanathan	1247
Selvarajah Kajendren	1446
Shan Vijayalal De Silva	3385
Shanakiyan Rajaputhiran Rasamanickam	3394
Shantha Bandara	3129
Shashindra Rajapaksa	3291
Shehan Semasinghe	3151
Siripala Gamalath	1473
Sisira Jayakody, Attorney at Law	3223
Sivagnanam Shritharan	3183
Sivanesathurai Santhirakanthan	3396
Sudarshana Denipitiya	3308
Sudarshini Fernandopulle	3136
Sudath Manjula	3300
Suren Raghavan	3439
Susil  Premajayantha, Attorney at Law	138
Thalatha Athukorala, Attorney at Law	1482
Tharaka Balasuriya	3273
Thavaraja Kalai Arasan	3443
Thenuka Vidanagamage	3163
Thilak Rajapakshe	3322
Thisakutti Arachchi	3310
Thushara Indunil Amarasena	3257
Tiran Alles	3205
Tissa Attanayake	1246
Tissa Vitarana	1488
U.K. Sumith Udukumbura	3314
Udayakantha Gunathilaka	3299
Udayana Kirindigoda	3354
Uddika Premarathna	3410
Upul  Galappaththi	3324
Upul Mahendra Rajapaksha	3348
V. Radhakrishnan	3153
Vadivel Suresh	1476
Velu Kumar	3230
Vidura Wickramanayaka	3141
Vijitha Berugoda	3166
Vijitha Herath	205
W. H. M. Dharmasena	3294
Wajira Abeywardana	55
Waruna Liyanage	3287
Wasantha Yapabandara, Attorney at Law	3352
Weerasekara, Sarath	3187
Weerasumana Weerasinghe	3338
Weerawansa, Wimal	180
Wimalaweera  Dissanayake	3254
Withana Pathiranage Milan Sajith Jayathilake	3347
Yadamini Gunawardena	3438
